-- phpMyAdmin SQL Dump
-- version 5.2.1
-- https://www.phpmyadmin.net/
--
-- Host: 127.0.0.1
-- Generation Time: Oct 30, 2025 at 06:22 AM
-- Server version: 10.4.32-MariaDB
-- PHP Version: 8.2.12

SET SQL_MODE = "NO_AUTO_VALUE_ON_ZERO";
START TRANSACTION;
SET time_zone = "+00:00";


/*!40101 SET @OLD_CHARACTER_SET_CLIENT=@@CHARACTER_SET_CLIENT */;
/*!40101 SET @OLD_CHARACTER_SET_RESULTS=@@CHARACTER_SET_RESULTS */;
/*!40101 SET @OLD_COLLATION_CONNECTION=@@COLLATION_CONNECTION */;
/*!40101 SET NAMES utf8mb4 */;

--
-- Database: `sad_db`
--

-- --------------------------------------------------------

--
-- Table structure for table `ai_chat_messages`
--

CREATE TABLE `ai_chat_messages` (
  `message_id` int(11) NOT NULL,
  `user_id` int(11) NOT NULL,
  `message` text NOT NULL,
  `response` text NOT NULL,
  `context_data` longtext CHARACTER SET utf8mb4 COLLATE utf8mb4_bin DEFAULT NULL CHECK (json_valid(`context_data`)),
  `timestamp` datetime DEFAULT current_timestamp()
) ENGINE=InnoDB DEFAULT CHARSET=utf8mb4 COLLATE=utf8mb4_general_ci;

-- --------------------------------------------------------

--
-- Table structure for table `chat`
--

CREATE TABLE `chat` (
  `chat_id` int(11) NOT NULL,
  `event_id` int(11) DEFAULT NULL,
  `venue_id` int(11) DEFAULT NULL,
  `sender_id` int(11) DEFAULT NULL,
  `receiver_id` int(11) DEFAULT NULL,
  `message_text` text DEFAULT NULL,
  `is_read` tinyint(1) DEFAULT 0,
  `attachment_url` varchar(255) DEFAULT NULL,
  `timestamp` datetime DEFAULT current_timestamp()
) ENGINE=InnoDB DEFAULT CHARSET=utf8mb4 COLLATE=utf8mb4_general_ci;

-- --------------------------------------------------------

--
-- Table structure for table `contract_templates`
--

CREATE TABLE `contract_templates` (
  `template_id` int(11) NOT NULL,
  `template_name` varchar(100) NOT NULL,
  `template_content` text NOT NULL,
  `event_type` varchar(50) DEFAULT NULL,
  `created_at` timestamp NOT NULL DEFAULT current_timestamp(),
  `updated_at` timestamp NOT NULL DEFAULT current_timestamp() ON UPDATE current_timestamp()
) ENGINE=InnoDB DEFAULT CHARSET=utf8mb4 COLLATE=utf8mb4_general_ci;

--
-- Dumping data for table `contract_templates`
--

INSERT INTO `contract_templates` (`template_id`, `template_name`, `template_content`, `event_type`, `created_at`, `updated_at`) VALUES
(1, 'Standard Event Contract', 'EVENT MANAGEMENT AGREEMENT\r\n\r\nThis agreement is made on {{contract_date}} between:\r\n\r\nVENUE: {{venue_name}}\r\nAddress: {{venue_location}}\r\nContact: {{venue_contact}}\r\n\r\nCLIENT: {{client_name}}\r\nEmail: {{client_email}}\r\nPhone: {{client_phone}}\r\n\r\nEVENT DETAILS:\r\nEvent Name: {{event_name}}\r\nEvent Type: {{event_type}}\r\nEvent Date: {{event_date}}\r\nExpected Guests: {{guest_count}}\r\nVenue Capacity: {{venue_capacity}}\r\n\r\nFINANCIAL TERMS:\r\nBase Venue Fee: ₱{{base_price}}\r\nTotal Cost: ₱{{total_cost}}\r\nDeposit (50%): ₱{{deposit_amount}}\r\nBalance: ₱{{balance_amount}}\r\n\r\nPayment Schedule:\r\n- Deposit due: {{deposit_due_date}}\r\n- Final payment due: {{final_payment_date}}\r\n\r\nVENUE AMENITIES INCLUDED:\r\n{{amenities_list}}\r\n\r\nTERMS AND CONDITIONS:\r\n1. The client agrees to pay the deposit within 7 days of signing this contract.\r\n2. Final payment must be received 14 days before the event date.\r\n3. Cancellation 30+ days before: Full refund minus 20% processing fee\r\n4. Cancellation 15-29 days before: 50% refund\r\n5. Cancellation less than 14 days: No refund\r\n6. The venue reserves the right to cancel in case of force majeure.\r\n7. Client is responsible for any damages to the venue property.\r\n8. Maximum capacity must not be exceeded.\r\n\r\nSIGNATURES:\r\nVenue Manager: _________________ Date: _______\r\nClient: _________________ Date: _______\r\n\r\nGenerated by Gatherly EMS on {{generated_date}}', 'All', '2025-10-30 05:17:51', '2025-10-30 05:17:51');

-- --------------------------------------------------------

--
-- Table structure for table `dynamic_pricing`
--

CREATE TABLE `dynamic_pricing` (
  `pricing_id` int(11) NOT NULL,
  `venue_id` int(11) NOT NULL,
  `date_range_start` date DEFAULT NULL,
  `date_range_end` date DEFAULT NULL,
  `day_type` enum('weekday','weekend') DEFAULT NULL,
  `demand_multiplier` decimal(4,2) DEFAULT 1.00,
  `price` decimal(10,2) DEFAULT NULL
) ENGINE=InnoDB DEFAULT CHARSET=utf8mb4 COLLATE=utf8mb4_general_ci;

--
-- Dumping data for table `dynamic_pricing`
--

INSERT INTO `dynamic_pricing` (`pricing_id`, `venue_id`, `date_range_start`, `date_range_end`, `day_type`, `demand_multiplier`, `price`) VALUES
(1, 1, '2025-01-01', '2025-02-28', 'weekend', 1.20, 72000.00),
(2, 2, '2025-03-01', '2025-05-31', 'weekday', 1.10, 46000.00),
(3, 3, '2025-04-01', '2025-04-30', 'weekend', 1.25, 56000.00);

-- --------------------------------------------------------

--
-- Table structure for table `events`
--

CREATE TABLE `events` (
  `event_id` int(11) NOT NULL,
  `event_name` varchar(100) NOT NULL,
  `event_type` varchar(50) DEFAULT NULL,
  `theme` varchar(100) DEFAULT NULL,
  `expected_guests` int(11) DEFAULT NULL,
  `total_cost` decimal(10,2) DEFAULT NULL,
  `event_date` datetime DEFAULT NULL,
  `status` enum('pending','confirmed','completed','canceled') DEFAULT 'pending',
  `client_id` int(11) DEFAULT NULL,
  `coordinator_id` int(11) DEFAULT NULL,
  `venue_id` int(11) DEFAULT NULL
) ENGINE=InnoDB DEFAULT CHARSET=utf8mb4 COLLATE=utf8mb4_general_ci;

--
-- Dumping data for table `events`
--

INSERT INTO `events` (`event_id`, `event_name`, `event_type`, `theme`, `expected_guests`, `total_cost`, `event_date`, `status`, `client_id`, `coordinator_id`, `venue_id`) VALUES
(1, 'Mike & Anna Wedding', 'Wedding', 'Rustic Garden', 150, 85000.00, '2025-01-15 00:00:00', 'completed', 3, 2, 1),
(2, 'ABC Corp Year-End', 'Corporate', 'Modern Gala', 200, 95000.00, '2025-02-10 00:00:00', 'confirmed', 3, 2, 2),
(3, 'Sophia 18th Birthday', 'Birthday', 'Royal Blue', 100, 60000.00, '2025-03-25 00:00:00', 'completed', 3, 2, 3),
(4, 'Charity Concert 2025', 'Concert', 'Hope & Light', 300, 120000.00, '2025-04-18 00:00:00', 'confirmed', 3, 2, 4),
(5, 'Team Building Summit', 'Corporate', 'Tropical Retreat', 80, 45000.00, '2025-05-12 00:00:00', 'completed', 3, 2, 3),
(6, 'Linux & Julie Wedding', 'Wedding', 'Rustic Garden', 200, 85000.00, '2025-01-21 00:00:00', 'completed', 3, 2, 1),
(7, 'QRT Corp Year-End', 'Corporate', 'Modern Gala', 150, 95000.00, '2025-03-19 00:00:00', 'confirmed', 3, 2, 2),
(8, 'Maricris 18th Birthday', 'Birthday', 'Royal Blue', 100, 60000.00, '2025-04-29 00:00:00', 'completed', 3, 2, 3),
(9, 'Sabrina Concert 2025', 'Concert', 'Hope & Light', 200, 120000.00, '2025-04-07 00:00:00', 'confirmed', 3, 2, 4),
(10, 'Team Collab Summit', 'Corporate', 'Tropical Retreat', 100, 45000.00, '2025-05-13 00:00:00', 'completed', 3, 2, 3);

-- --------------------------------------------------------

--
-- Table structure for table `event_contracts`
--

CREATE TABLE `event_contracts` (
  `contract_id` int(11) NOT NULL,
  `event_id` int(11) NOT NULL,
  `contract_text` text DEFAULT NULL,
  `file_url` varchar(255) DEFAULT NULL,
  `signed_status` enum('pending','approved') DEFAULT 'pending'
) ENGINE=InnoDB DEFAULT CHARSET=utf8mb4 COLLATE=utf8mb4_general_ci;

-- --------------------------------------------------------

--
-- Table structure for table `event_services`
--

CREATE TABLE `event_services` (
  `event_service_id` int(11) NOT NULL,
  `event_id` int(11) NOT NULL,
  `service_id` int(11) NOT NULL,
  `supplier_id` int(11) DEFAULT NULL,
  `quantity` int(11) DEFAULT 1,
  `price_at_booking` decimal(10,2) DEFAULT NULL,
  `status` enum('pending','booked','canceled') DEFAULT 'pending'
) ENGINE=InnoDB DEFAULT CHARSET=utf8mb4 COLLATE=utf8mb4_general_ci;

-- --------------------------------------------------------

--
-- Table structure for table `pricing_history`
--

CREATE TABLE `pricing_history` (
  `pricing_history_id` int(11) NOT NULL,
  `venue_id` int(11) NOT NULL,
  `date` date NOT NULL,
  `calculated_price` decimal(10,2) NOT NULL,
  `demand_multiplier` decimal(4,2) DEFAULT 1.00,
  `season_multiplier` decimal(4,2) DEFAULT 1.00,
  `day_type_multiplier` decimal(4,2) DEFAULT 1.00,
  `occupancy_rate` decimal(5,2) DEFAULT 0.00,
  `created_at` timestamp NOT NULL DEFAULT current_timestamp()
) ENGINE=InnoDB DEFAULT CHARSET=utf8mb4 COLLATE=utf8mb4_general_ci;

-- --------------------------------------------------------

--
-- Table structure for table `recommendations`
--

CREATE TABLE `recommendations` (
  `recommendation_id` int(11) NOT NULL,
  `event_id` int(11) DEFAULT NULL,
  `recommended_venue_id` int(11) DEFAULT NULL,
  `recommended_service_id` int(11) DEFAULT NULL,
  `suitability_score` decimal(5,2) DEFAULT NULL,
  `capacity_score` decimal(5,2) DEFAULT NULL,
  `price_score` decimal(5,2) DEFAULT NULL,
  `location_score` decimal(5,2) DEFAULT NULL,
  `amenities_score` decimal(5,2) DEFAULT NULL,
  `availability_score` decimal(5,2) DEFAULT NULL,
  `criteria_weights` longtext CHARACTER SET utf8mb4 COLLATE utf8mb4_bin DEFAULT NULL CHECK (json_valid(`criteria_weights`)),
  `alternative_rank` int(11) DEFAULT NULL,
  `reason` text DEFAULT NULL,
  `created_at` timestamp NOT NULL DEFAULT current_timestamp()
) ENGINE=InnoDB DEFAULT CHARSET=utf8mb4 COLLATE=utf8mb4_general_ci;

--
-- Dumping data for table `recommendations`
--

INSERT INTO `recommendations` (`recommendation_id`, `event_id`, `recommended_venue_id`, `recommended_service_id`, `suitability_score`, `capacity_score`, `price_score`, `location_score`, `amenities_score`, `availability_score`, `criteria_weights`, `alternative_rank`, `reason`, `created_at`) VALUES
(1, 1, 1, 3, 90.50, NULL, NULL, NULL, NULL, NULL, '{\"price\":0.3,\"capacity\":0.4,\"style\":0.3}', 1, 'Perfect fit for wedding theme and guest count.', '2025-10-30 05:17:50'),
(2, 2, 2, 1, 85.20, NULL, NULL, NULL, NULL, NULL, '{\"price\":0.5,\"capacity\":0.2,\"amenities\":0.3}', 1, 'Ideal setup for corporate gala.', '2025-10-30 05:17:50'),
(3, 3, 3, 2, 88.75, NULL, NULL, NULL, NULL, NULL, '{\"price\":0.4,\"location\":0.3,\"aesthetics\":0.3}', 2, 'Recommended for birthday celebration.', '2025-10-30 05:17:50'),
(4, 4, 4, 1, 86.30, NULL, NULL, NULL, NULL, NULL, '{\"price\":0.5,\"sound\":0.3,\"capacity\":0.2}', 1, 'Best for concert acoustics.', '2025-10-30 05:17:50'),
(5, 5, 3, 3, 89.10, NULL, NULL, NULL, NULL, NULL, '{\"price\":0.3,\"theme\":0.4,\"decor\":0.3}', 1, 'Excellent match for corporate styling.', '2025-10-30 05:17:50');

-- --------------------------------------------------------

--
-- Table structure for table `services`
--

CREATE TABLE `services` (
  `service_id` int(11) NOT NULL,
  `service_name` varchar(100) NOT NULL,
  `category` varchar(50) DEFAULT NULL,
  `description` text DEFAULT NULL,
  `price` decimal(10,2) DEFAULT NULL,
  `service_duration` int(11) DEFAULT NULL,
  `supplier_id` int(11) DEFAULT NULL
) ENGINE=InnoDB DEFAULT CHARSET=utf8mb4 COLLATE=utf8mb4_general_ci;

--
-- Dumping data for table `services`
--

INSERT INTO `services` (`service_id`, `service_name`, `category`, `description`, `price`, `service_duration`, `supplier_id`) VALUES
(1, 'Basic Sound Package', 'Lights and Sounds', 'Includes speakers, mic, and DJ setup.', 12000.00, NULL, 1),
(2, 'Premium Photography', 'Photography', 'Full-day coverage with edited album.', 25000.00, NULL, 2),
(3, 'Floral Styling', 'Styling and Flowers', 'Full floral and event styling setup.', 18000.00, NULL, 3);

-- --------------------------------------------------------

--
-- Table structure for table `suppliers`
--

CREATE TABLE `suppliers` (
  `supplier_id` int(11) NOT NULL,
  `supplier_name` varchar(100) NOT NULL,
  `service_category` varchar(50) DEFAULT NULL,
  `email` varchar(100) DEFAULT NULL,
  `phone` varchar(20) DEFAULT NULL,
  `location` varchar(255) DEFAULT NULL,
  `availability_status` enum('available','booked') DEFAULT 'available'
) ENGINE=InnoDB DEFAULT CHARSET=utf8mb4 COLLATE=utf8mb4_general_ci;

--
-- Dumping data for table `suppliers`
--

INSERT INTO `suppliers` (`supplier_id`, `supplier_name`, `service_category`, `email`, `phone`, `location`, `availability_status`) VALUES
(1, 'Luxe Lights & Sounds', 'Lights and Sounds', 'luxe@suppliers.com', '09172223333', 'Makati City', 'available'),
(2, 'Perfect Shots Photography', 'Photography', 'shots@suppliers.com', '09175556666', 'Quezon City', 'available'),
(3, 'Blooms & Beyond', 'Styling and Flowers', 'blooms@suppliers.com', '09173334444', 'Taguig City', 'available');

-- --------------------------------------------------------

--
-- Table structure for table `users`
--

CREATE TABLE `users` (
  `user_id` int(11) NOT NULL,
  `username` varchar(50) NOT NULL,
  `password` varchar(255) NOT NULL,
  `first_name` varchar(50) DEFAULT NULL,
  `last_name` varchar(50) DEFAULT NULL,
  `email` varchar(100) DEFAULT NULL,
  `phone` varchar(20) DEFAULT NULL,
  `role` enum('administrator','coordinator','client','venue_manager') NOT NULL
) ENGINE=InnoDB DEFAULT CHARSET=utf8mb4 COLLATE=utf8mb4_general_ci;

--
-- Dumping data for table `users`
--

INSERT INTO `users` (`user_id`, `username`, `password`, `first_name`, `last_name`, `email`, `phone`, `role`) VALUES
(1, 'admin123', '$2y$10$uh3m79DGqHoJ8z/HCo4iluGb18gWzZEj0MT.TaWU9e1l5lDiolBTi', 'System', 'Admin', 'admin@example.com', '09171234567', 'administrator'),
(2, 'coord_linux', '$2y$10$uh3m79DGqHoJ8z/HCo4iluGb18gWzZEj0MT.TaWU9e1l5lDiolBTi', 'Linux', 'Adona', 'linux@gmail.com', '09181234567', 'coordinator'),
(3, 'client_dore', '$2y$10$uh3m79DGqHoJ8z/HCo4iluGb18gWzZEj0MT.TaWU9e1l5lDiolBTi', 'Dore', 'Cables', 'dore@gmail.com', '09191234567', 'client'),
(4, 'adrian', '$2y$10$uh3m79DGqHoJ8z/HCo4iluGb18gWzZEj0MT.TaWU9e1l5lDiolBTi', 'Adrian', 'Cornado', 'adrian@gmail.com', '', 'client'),
(7, '', '$2y$10$rwVpIP58ZGQq/SPjsBW7wuWYZK7KkYkt4jw2tgRN4QiaETZsMsUFe', 'Millan', 'Abrenica', 'millan@gmail.com', NULL, 'administrator');

-- --------------------------------------------------------

--
-- Table structure for table `venues`
--

CREATE TABLE `venues` (
  `venue_id` int(11) NOT NULL,
  `manager_id` int(11) DEFAULT NULL,
  `venue_name` varchar(100) NOT NULL,
  `location` varchar(255) DEFAULT NULL,
  `latitude` decimal(10,8) DEFAULT NULL,
  `longitude` decimal(11,8) DEFAULT NULL,
  `parking_capacity` int(11) DEFAULT 0,
  `has_stage_setup` tinyint(1) DEFAULT 0,
  `accessibility_features` text DEFAULT NULL,
  `venue_type` varchar(50) DEFAULT 'indoor',
  `catering_available` tinyint(1) DEFAULT 0,
  `sound_system_available` tinyint(1) DEFAULT 0,
  `total_bookings` int(11) DEFAULT 0,
  `average_rating` decimal(3,2) DEFAULT 0.00,
  `capacity` int(11) DEFAULT NULL,
  `base_price` decimal(10,2) DEFAULT NULL,
  `peak_price` decimal(10,2) DEFAULT NULL,
  `offpeak_price` decimal(10,2) DEFAULT NULL,
  `weekday_price` decimal(10,2) DEFAULT NULL,
  `weekend_price` decimal(10,2) DEFAULT NULL,
  `description` text DEFAULT NULL,
  `availability_status` enum('available','booked') DEFAULT 'available',
  `image` blob DEFAULT NULL
) ENGINE=InnoDB DEFAULT CHARSET=utf8mb4 COLLATE=utf8mb4_general_ci;

--
-- Dumping data for table `venues`
--

INSERT INTO `venues` (`venue_id`, `manager_id`, `venue_name`, `location`, `latitude`, `longitude`, `parking_capacity`, `has_stage_setup`, `accessibility_features`, `venue_type`, `catering_available`, `sound_system_available`, `total_bookings`, `average_rating`, `capacity`, `base_price`, `peak_price`, `offpeak_price`, `weekday_price`, `weekend_price`, `description`, `availability_status`, `image`) VALUES
(1, NULL, 'Crystal Hall', 'Taguig City', 14.55470000, 121.04810000, 100, 1, 'Wheelchair accessible, Elevator, Ramps', 'indoor', 1, 1, 15, 4.50, 300, 50000.00, 65000.00, 40000.00, 48000.00, 60000.00, 'Elegant indoor venue ideal for weddings and corporate events.', 'available', NULL),
(2, NULL, 'Aurora Pavilion', 'Makati City', 14.52430000, 121.02930000, 80, 1, 'Wheelchair accessible, Elevator', 'indoor', 1, 1, 12, 4.30, 200, 40000.00, 55000.00, 35000.00, 42000.00, 50000.00, 'Modern glass pavilion with garden access.', 'available', NULL),
(3, NULL, 'Emerald Garden', 'Quezon City', 14.67600000, 121.04370000, 50, 0, 'Ground level access, Wide pathways', 'outdoor', 1, 0, 18, 4.70, 150, 35000.00, 50000.00, 30000.00, 37000.00, 45000.00, 'Outdoor garden venue surrounded by lush greenery.', 'available', NULL),
(4, NULL, 'Sunset Veranda', 'Pasay City', 14.53780000, 120.99840000, 120, 1, 'Wheelchair accessible, Elevator, Ramps, Reserved parking', 'outdoor', 1, 1, 10, 4.60, 250, 45000.00, 60000.00, 35000.00, 40000.00, 55000.00, 'Seaside view venue perfect for receptions.', 'available', NULL);

-- --------------------------------------------------------

--
-- Table structure for table `venue_amenities`
--

CREATE TABLE `venue_amenities` (
  `venue_amenity_id` int(11) NOT NULL,
  `venue_id` int(11) NOT NULL,
  `amenity_name` varchar(50) NOT NULL
) ENGINE=InnoDB DEFAULT CHARSET=utf8mb4 COLLATE=utf8mb4_general_ci;

--
-- Dumping data for table `venue_amenities`
--

INSERT INTO `venue_amenities` (`venue_amenity_id`, `venue_id`, `amenity_name`) VALUES
(1, 1, 'Air Conditioning'),
(2, 1, 'Stage Lighting'),
(3, 2, 'Parking Space'),
(4, 2, 'Wi-Fi'),
(5, 3, 'Garden Setup'),
(6, 3, 'Outdoor Seating'),
(7, 4, 'Ocean View'),
(8, 4, 'VIP Lounge');

-- --------------------------------------------------------

--
-- Table structure for table `venue_bookings_history`
--

CREATE TABLE `venue_bookings_history` (
  `booking_history_id` int(11) NOT NULL,
  `venue_id` int(11) NOT NULL,
  `event_type` varchar(50) NOT NULL,
  `guest_count` int(11) NOT NULL,
  `budget_range` varchar(50) NOT NULL,
  `booking_date` date NOT NULL,
  `season` enum('peak','off-peak') DEFAULT 'off-peak',
  `satisfaction_score` decimal(3,2) DEFAULT NULL
) ENGINE=InnoDB DEFAULT CHARSET=utf8mb4 COLLATE=utf8mb4_general_ci;

--
-- Dumping data for table `venue_bookings_history`
--

INSERT INTO `venue_bookings_history` (`booking_history_id`, `venue_id`, `event_type`, `guest_count`, `budget_range`, `booking_date`, `season`, `satisfaction_score`) VALUES
(1, 1, 'Wedding', 150, '80000-100000', '2025-01-15', 'off-peak', 4.80),
(2, 1, 'Wedding', 200, '80000-100000', '2025-02-20', 'peak', 4.60),
(3, 2, 'Corporate', 200, '90000-110000', '2025-02-10', 'off-peak', 4.50),
(4, 2, 'Corporate', 180, '90000-110000', '2025-03-15', 'peak', 4.40),
(5, 3, 'Birthday', 100, '50000-70000', '2025-03-25', 'peak', 4.90),
(6, 3, 'Corporate', 80, '40000-60000', '2025-05-12', 'off-peak', 4.70),
(7, 4, 'Concert', 300, '110000-130000', '2025-04-18', 'peak', 4.80);

-- --------------------------------------------------------

--
-- Table structure for table `venue_demand_log`
--

CREATE TABLE `venue_demand_log` (
  `demand_log_id` int(11) NOT NULL,
  `venue_id` int(11) NOT NULL,
  `inquiry_date` date NOT NULL,
  `inquiry_count` int(11) DEFAULT 1,
  `booking_count` int(11) DEFAULT 0
) ENGINE=InnoDB DEFAULT CHARSET=utf8mb4 COLLATE=utf8mb4_general_ci;

--
-- Indexes for dumped tables
--

--
-- Indexes for table `ai_chat_messages`
--
ALTER TABLE `ai_chat_messages`
  ADD PRIMARY KEY (`message_id`),
  ADD KEY `user_id` (`user_id`);

--
-- Indexes for table `chat`
--
ALTER TABLE `chat`
  ADD PRIMARY KEY (`chat_id`),
  ADD KEY `event_id` (`event_id`),
  ADD KEY `sender_id` (`sender_id`),
  ADD KEY `receiver_id` (`receiver_id`),
  ADD KEY `venue_id` (`venue_id`);

--
-- Indexes for table `contract_templates`
--
ALTER TABLE `contract_templates`
  ADD PRIMARY KEY (`template_id`);

--
-- Indexes for table `dynamic_pricing`
--
ALTER TABLE `dynamic_pricing`
  ADD PRIMARY KEY (`pricing_id`),
  ADD KEY `venue_id` (`venue_id`);

--
-- Indexes for table `events`
--
ALTER TABLE `events`
  ADD PRIMARY KEY (`event_id`),
  ADD KEY `client_id` (`client_id`),
  ADD KEY `coordinator_id` (`coordinator_id`),
  ADD KEY `venue_id` (`venue_id`),
  ADD KEY `idx_events_date` (`event_date`),
  ADD KEY `idx_events_type` (`event_type`);

--
-- Indexes for table `event_contracts`
--
ALTER TABLE `event_contracts`
  ADD PRIMARY KEY (`contract_id`),
  ADD KEY `event_id` (`event_id`);

--
-- Indexes for table `event_services`
--
ALTER TABLE `event_services`
  ADD PRIMARY KEY (`event_service_id`),
  ADD KEY `event_id` (`event_id`),
  ADD KEY `service_id` (`service_id`),
  ADD KEY `supplier_id` (`supplier_id`);

--
-- Indexes for table `pricing_history`
--
ALTER TABLE `pricing_history`
  ADD PRIMARY KEY (`pricing_history_id`),
  ADD KEY `venue_id` (`venue_id`),
  ADD KEY `date` (`date`);

--
-- Indexes for table `recommendations`
--
ALTER TABLE `recommendations`
  ADD PRIMARY KEY (`recommendation_id`),
  ADD KEY `event_id` (`event_id`),
  ADD KEY `recommended_venue_id` (`recommended_venue_id`),
  ADD KEY `recommended_service_id` (`recommended_service_id`);

--
-- Indexes for table `services`
--
ALTER TABLE `services`
  ADD PRIMARY KEY (`service_id`),
  ADD KEY `supplier_id` (`supplier_id`);

--
-- Indexes for table `suppliers`
--
ALTER TABLE `suppliers`
  ADD PRIMARY KEY (`supplier_id`);

--
-- Indexes for table `users`
--
ALTER TABLE `users`
  ADD PRIMARY KEY (`user_id`),
  ADD UNIQUE KEY `username` (`username`),
  ADD UNIQUE KEY `email` (`email`);

--
-- Indexes for table `venues`
--
ALTER TABLE `venues`
  ADD PRIMARY KEY (`venue_id`),
  ADD KEY `manager_id` (`manager_id`),
  ADD KEY `idx_venues_location` (`latitude`,`longitude`),
  ADD KEY `idx_venues_capacity` (`capacity`),
  ADD KEY `idx_venues_price` (`base_price`);

--
-- Indexes for table `venue_amenities`
--
ALTER TABLE `venue_amenities`
  ADD PRIMARY KEY (`venue_amenity_id`),
  ADD KEY `venue_id` (`venue_id`);

--
-- Indexes for table `venue_bookings_history`
--
ALTER TABLE `venue_bookings_history`
  ADD PRIMARY KEY (`booking_history_id`),
  ADD KEY `venue_id` (`venue_id`),
  ADD KEY `idx_bookings_event_type` (`event_type`);

--
-- Indexes for table `venue_demand_log`
--
ALTER TABLE `venue_demand_log`
  ADD PRIMARY KEY (`demand_log_id`),
  ADD UNIQUE KEY `venue_date` (`venue_id`,`inquiry_date`),
  ADD KEY `venue_id` (`venue_id`),
  ADD KEY `idx_demand_log_date` (`inquiry_date`);

--
-- AUTO_INCREMENT for dumped tables
--

--
-- AUTO_INCREMENT for table `ai_chat_messages`
--
ALTER TABLE `ai_chat_messages`
  MODIFY `message_id` int(11) NOT NULL AUTO_INCREMENT;

--
-- AUTO_INCREMENT for table `chat`
--
ALTER TABLE `chat`
  MODIFY `chat_id` int(11) NOT NULL AUTO_INCREMENT;

--
-- AUTO_INCREMENT for table `contract_templates`
--
ALTER TABLE `contract_templates`
  MODIFY `template_id` int(11) NOT NULL AUTO_INCREMENT, AUTO_INCREMENT=2;

--
-- AUTO_INCREMENT for table `dynamic_pricing`
--
ALTER TABLE `dynamic_pricing`
  MODIFY `pricing_id` int(11) NOT NULL AUTO_INCREMENT, AUTO_INCREMENT=4;

--
-- AUTO_INCREMENT for table `events`
--
ALTER TABLE `events`
  MODIFY `event_id` int(11) NOT NULL AUTO_INCREMENT, AUTO_INCREMENT=11;

--
-- AUTO_INCREMENT for table `event_contracts`
--
ALTER TABLE `event_contracts`
  MODIFY `contract_id` int(11) NOT NULL AUTO_INCREMENT;

--
-- AUTO_INCREMENT for table `event_services`
--
ALTER TABLE `event_services`
  MODIFY `event_service_id` int(11) NOT NULL AUTO_INCREMENT;

--
-- AUTO_INCREMENT for table `pricing_history`
--
ALTER TABLE `pricing_history`
  MODIFY `pricing_history_id` int(11) NOT NULL AUTO_INCREMENT;

--
-- AUTO_INCREMENT for table `recommendations`
--
ALTER TABLE `recommendations`
  MODIFY `recommendation_id` int(11) NOT NULL AUTO_INCREMENT, AUTO_INCREMENT=6;

--
-- AUTO_INCREMENT for table `services`
--
ALTER TABLE `services`
  MODIFY `service_id` int(11) NOT NULL AUTO_INCREMENT, AUTO_INCREMENT=4;

--
-- AUTO_INCREMENT for table `suppliers`
--
ALTER TABLE `suppliers`
  MODIFY `supplier_id` int(11) NOT NULL AUTO_INCREMENT, AUTO_INCREMENT=4;

--
-- AUTO_INCREMENT for table `users`
--
ALTER TABLE `users`
  MODIFY `user_id` int(11) NOT NULL AUTO_INCREMENT, AUTO_INCREMENT=8;

--
-- AUTO_INCREMENT for table `venues`
--
ALTER TABLE `venues`
  MODIFY `venue_id` int(11) NOT NULL AUTO_INCREMENT, AUTO_INCREMENT=5;

--
-- AUTO_INCREMENT for table `venue_amenities`
--
ALTER TABLE `venue_amenities`
  MODIFY `venue_amenity_id` int(11) NOT NULL AUTO_INCREMENT, AUTO_INCREMENT=9;

--
-- AUTO_INCREMENT for table `venue_bookings_history`
--
ALTER TABLE `venue_bookings_history`
  MODIFY `booking_history_id` int(11) NOT NULL AUTO_INCREMENT, AUTO_INCREMENT=8;

--
-- AUTO_INCREMENT for table `venue_demand_log`
--
ALTER TABLE `venue_demand_log`
  MODIFY `demand_log_id` int(11) NOT NULL AUTO_INCREMENT;

--
-- Constraints for dumped tables
--

--
-- Constraints for table `ai_chat_messages`
--
ALTER TABLE `ai_chat_messages`
  ADD CONSTRAINT `ai_chat_messages_ibfk_1` FOREIGN KEY (`user_id`) REFERENCES `users` (`user_id`) ON DELETE CASCADE;

--
-- Constraints for table `chat`
--
ALTER TABLE `chat`
  ADD CONSTRAINT `chat_ibfk_1` FOREIGN KEY (`event_id`) REFERENCES `events` (`event_id`) ON DELETE CASCADE,
  ADD CONSTRAINT `chat_ibfk_2` FOREIGN KEY (`sender_id`) REFERENCES `users` (`user_id`) ON DELETE CASCADE,
  ADD CONSTRAINT `chat_ibfk_3` FOREIGN KEY (`receiver_id`) REFERENCES `users` (`user_id`) ON DELETE CASCADE,
  ADD CONSTRAINT `chat_ibfk_4` FOREIGN KEY (`venue_id`) REFERENCES `venues` (`venue_id`) ON DELETE CASCADE;

--
-- Constraints for table `dynamic_pricing`
--
ALTER TABLE `dynamic_pricing`
  ADD CONSTRAINT `dynamic_pricing_ibfk_1` FOREIGN KEY (`venue_id`) REFERENCES `venues` (`venue_id`) ON DELETE CASCADE;

--
-- Constraints for table `events`
--
ALTER TABLE `events`
  ADD CONSTRAINT `events_ibfk_1` FOREIGN KEY (`client_id`) REFERENCES `users` (`user_id`) ON DELETE SET NULL,
  ADD CONSTRAINT `events_ibfk_2` FOREIGN KEY (`coordinator_id`) REFERENCES `users` (`user_id`) ON DELETE SET NULL,
  ADD CONSTRAINT `events_ibfk_3` FOREIGN KEY (`venue_id`) REFERENCES `venues` (`venue_id`) ON DELETE SET NULL;

--
-- Constraints for table `event_contracts`
--
ALTER TABLE `event_contracts`
  ADD CONSTRAINT `event_contracts_ibfk_1` FOREIGN KEY (`event_id`) REFERENCES `events` (`event_id`) ON DELETE CASCADE;

--
-- Constraints for table `event_services`
--
ALTER TABLE `event_services`
  ADD CONSTRAINT `event_services_ibfk_1` FOREIGN KEY (`event_id`) REFERENCES `events` (`event_id`) ON DELETE CASCADE,
  ADD CONSTRAINT `event_services_ibfk_2` FOREIGN KEY (`service_id`) REFERENCES `services` (`service_id`) ON DELETE CASCADE,
  ADD CONSTRAINT `event_services_ibfk_3` FOREIGN KEY (`supplier_id`) REFERENCES `suppliers` (`supplier_id`) ON DELETE SET NULL;

--
-- Constraints for table `pricing_history`
--
ALTER TABLE `pricing_history`
  ADD CONSTRAINT `pricing_history_ibfk_1` FOREIGN KEY (`venue_id`) REFERENCES `venues` (`venue_id`) ON DELETE CASCADE;

--
-- Constraints for table `recommendations`
--
ALTER TABLE `recommendations`
  ADD CONSTRAINT `recommendations_ibfk_1` FOREIGN KEY (`event_id`) REFERENCES `events` (`event_id`) ON DELETE CASCADE,
  ADD CONSTRAINT `recommendations_ibfk_2` FOREIGN KEY (`recommended_venue_id`) REFERENCES `venues` (`venue_id`) ON DELETE SET NULL,
  ADD CONSTRAINT `recommendations_ibfk_3` FOREIGN KEY (`recommended_service_id`) REFERENCES `services` (`service_id`) ON DELETE SET NULL;

--
-- Constraints for table `services`
--
ALTER TABLE `services`
  ADD CONSTRAINT `services_ibfk_1` FOREIGN KEY (`supplier_id`) REFERENCES `suppliers` (`supplier_id`) ON DELETE SET NULL;

--
-- Constraints for table `venues`
--
ALTER TABLE `venues`
  ADD CONSTRAINT `venues_ibfk_1` FOREIGN KEY (`manager_id`) REFERENCES `users` (`user_id`) ON DELETE SET NULL;

--
-- Constraints for table `venue_amenities`
--
ALTER TABLE `venue_amenities`
  ADD CONSTRAINT `venue_amenities_ibfk_1` FOREIGN KEY (`venue_id`) REFERENCES `venues` (`venue_id`) ON DELETE CASCADE;

--
-- Constraints for table `venue_bookings_history`
--
ALTER TABLE `venue_bookings_history`
  ADD CONSTRAINT `venue_bookings_history_ibfk_1` FOREIGN KEY (`venue_id`) REFERENCES `venues` (`venue_id`) ON DELETE CASCADE;

--
-- Constraints for table `venue_demand_log`
--
ALTER TABLE `venue_demand_log`
  ADD CONSTRAINT `venue_demand_log_ibfk_1` FOREIGN KEY (`venue_id`) REFERENCES `venues` (`venue_id`) ON DELETE CASCADE;
COMMIT;

/*!40101 SET CHARACTER_SET_CLIENT=@OLD_CHARACTER_SET_CLIENT */;
/*!40101 SET CHARACTER_SET_RESULTS=@OLD_CHARACTER_SET_RESULTS */;
/*!40101 SET COLLATION_CONNECTION=@OLD_COLLATION_CONNECTION */;
